traffic_load,num_users,packet_count,avg_packet_size,allocated_bandwidth
0.01767687314943451,0.375,0.0,0.0044016506189821225,0.017676873149434513
0.028851304516720678,0.625,0.0,0.0,0.02885130451672068
0.044449633008028656,0.375,0.0,0.014374140302613483,0.04444963300802866
0.023949253109315196,0.75,0.0,0.006602475928473177,0.0239492531093152
0.25828639090744554,0.625,0.0,0.03411279229711142,0.25828639090744554
0.036774058521063094,0.75,0.0,0.021595598349381018,0.0367740585210631
0.03060484120370719,0.625,0.0,0.0056396148555708445,0.03060484120370719
0.04258517365673452,0.625,0.0,0.0,0.042585173656734525
0.030880778448867503,0.75,0.0,0.0,0.030880778448867507
0.024421016786524766,0.75,0.0,0.0,0.024421016786524766
0.015866505714685453,0.75,0.0,0.0,0.015866505714685453
0.02428772700060779,0.375,0.0,0.0,0.024287727000607794
0.024090759388884588,0.625,0.0,0.0,0.02409075938888459
0.029813318981857753,0.75,0.0,0.0,0.029813318981857757
0.034802100044483184,0.75,0.0,0.0,0.03480210004448319
0.04367248965007094,0.5,0.0,0.0,0.04367248965007096
0.021335951655977237,0.875,0.0,0.0,0.021335951655977237
0.0272554788606736,0.5,0.0,0.0,0.0272554788606736
0.03556052805578817,1.0,0.0,0.0,0.035560528055788174
0.03326333337213344,0.75,0.0,0.0,0.03326333337213345
0.035777580429772825,0.75,0.0,0.0,0.03577758042977283
0.025679737966887987,0.625,0.0,0.0,0.025679737966887984
0.03343998798566039,0.625,0.0,0.0,0.0334399879856604
0.022798487526107337,0.625,0.0,0.0,0.02279848752610734
0.05079071198428093,0.625,0.0,0.0,0.05079071198428094
0.03712645480437784,0.625,0.0,0.0,0.037126454804377845
0.03250787242798072,0.5,0.0,0.0,0.03250787242798073
0.02074892883169905,0.75,0.0,0.0,0.02074892883169905
0.02583471016660995,0.75,0.0,0.0,0.02583471016660995
0.02581782070743554,0.625,0.0,0.0,0.02581782070743554
0.025444198482185387,0.625,0.0,0.0,0.025444198482185387
0.045760163745589055,0.875,0.0,0.0,0.04576016374558906
0.02954377234287154,0.875,0.0,0.0,0.02954377234287154
0.0349022956198557,0.625,0.0,0.0,0.03490229561985571
0.032481168823610365,0.875,0.0,0.0,0.03248116882361037
0.03235860612662849,0.875,0.0,0.0,0.0323586061266285
0.027077911303407493,0.625,0.0,0.0,0.027077911303407497
0.03304103157164862,0.625,0.0,0.0,0.03304103157164863
0.024057436942405346,0.625,0.0,0.0,0.024057436942405346
0.016674004451970145,0.625,0.0,0.022627235213204963,0.016674004451970145
0.021002727191184796,0.375,0.0,0.006602475928473177,0.0210027271911848
0.018313879643431563,0.5,0.0,0.020907840440165068,0.018313879643431563
0.018999272155603954,0.625,0.0,0.023521320495185696,0.018999272155603958
0.006765369579025665,0.375,0.0,0.026134800550206325,0.006765369579025666
0.013107133263082311,0.625,0.0,0.026134800550206325,0.013107133263082313
0.01195979121889629,0.625,0.0,0.023521320495185696,0.011959791218896293
0.07437204876671571,0.625,0.0,0.023521320495185696,0.07437204876671571
0.04071478017113587,0.875,0.0,0.026134800550206325,0.040714780171135875
0.030321372172698827,0.5,0.0,0.02489683631361761,0.03032137217269883
0.00686054396383282,0.375,0.0,0.01966987620357634,0.006860543963832822
0.014077364221871804,0.5,0.0,0.01705639614855571,0.014077364221871804
0.011232859766592239,0.625,0.0,0.025309491059147177,0.011232859766592239
0.010866997563124923,0.625,0.0,0.025309491059147177,0.010866997563124925
0.0212275395869523,0.625,0.0,0.023658872077028895,0.0212275395869523
0.030434120724484762,0.5,0.0,0.025309491059147177,0.030434120724484766
0.05425738759779624,0.75,0.0,0.026134800550206325,0.054257387597796254
0.012912448010707003,0.625,0.0,0.026134800550206325,0.012912448010707005
0.025361577073791643,0.375,0.0,0.026134800550206325,0.025361577073791646
0.006653533970978887,0.375,0.0,0.026134800550206325,0.006653533970978888
0.009770095660527348,0.375,0.0,0.01801925722145805,0.009770095660527348
0.0041662187536446425,0.25,0.0,0.03528198074277854,0.004166218753644643
0.011981930104570857,0.375,0.0,0.036107290233837686,0.011981930104570859
0.010916752996909,0.5,0.0,0.01801925722145805,0.010916752996909
0.007901299826472218,0.5,0.0,0.025309491059147177,0.00790129982647222
0.00794922937277798,0.375,0.0,0.026134800550206325,0.00794922937277798
0.006339253088773964,0.25,0.0,0.02448418156808803,0.006339253088773966
0.0030104319798714163,0.25,0.0,0.025309491059147177,0.0030104319798714167
0.008001038929975161,0.5,0.0,0.036588720770288866,0.008001038929975161
0.013067191974494177,0.375,0.0,0.012242090784044014,0.013067191974494179
0.004873065443687234,0.375,0.0,0.03314993122420909,0.004873065443687234
0.004709648514378065,0.125,0.0,0.020770288858321877,0.004709648514378066
0.01644325792189812,0.5,0.0,0.020770288858321877,0.01644325792189812
0.015245703972058443,0.375,0.0,0.020495185694635487,0.015245703972058445
0.012630348395307377,0.375,0.0,0.015680880330123798,0.012630348395307377
0.01445988764857874,0.25,0.0,0.018294360385144426,0.014459887648578742
0.0160924592901269,0.375,0.0,0.015680880330123798,0.0160924592901269
0.039876013110785036,0.375,0.0,0.011829436038514447,0.03987601311078504
0.14180344275648754,0.5,0.0,0.017469050894085292,0.14180344275648757
0.016665103250513357,0.5,0.0,0.020495185694635487,0.01666510325051336
0.004865077185969607,0.375,0.0,0.015680880330123798,0.0048650771859696075
0.007126895299731983,0.25,0.0,0.01306740027510317,0.007126895299731983
0.007415613757240499,0.375,0.0,0.015680880330123798,0.0074156137572405
0.009659172996219727,0.25,0.0,0.024415405777166443,0.009659172996219727
0.012721414533288325,0.5,0.0,0.010453920220082534,0.012721414533288325
0.008543327511034636,0.25,0.0,0.015680880330123798,0.008543327511034636
0.14647794293690805,0.5,0.0,0.0296423658872077,0.14647794293690808
0.06028669628712628,0.5,0.0,0.010453920220082534,0.06028669628712629
0.019896924087130438,0.375,0.0,0.014442916093535076,0.019896924087130438
0.016620597243229437,0.5,0.0,0.018294360385144426,0.016620597243229437
0.026914494374098322,0.5,0.0,0.023521320495185696,0.026914494374098326
0.0061416007692463945,0.5,0.0,0.015337001375515823,0.006141600769246395
0.017574623450648884,0.625,0.0,0.04126547455295736,0.017574623450648887
0.012528098696521751,0.625,0.0,0.24222833562585966,0.012528098696521753
0.010990473203845958,0.5,0.0,0.13878954607977995,0.010990473203845958
0.016072602763800226,0.5,0.0,0.15529573590096285,0.01607260276380023
0.014693373009868236,0.625,0.0,0.2173314993122421,0.014693373009868237
0.026723232660744854,0.625,0.0,0.18486932599724898,0.026723232660744858
0.011529566481818382,0.5,0.0,0.15557083906464925,0.011529566481818384
0.061745352146364965,0.625,0.0,0.24951856946354883,0.061745352146364965
0.028433632756056183,0.625,0.0,0.312585969738652,0.028433632756056187
0.012881179687640864,0.75,0.0,0.11788170563961485,0.012881179687640866
0.020022910323134153,0.375,0.0,0.1297111416781293,0.020022910323134153
0.039336235125008244,0.5,0.0,0.056327372764786804,0.03933623512500825
0.09614027928318396,0.625,0.0,0.0580467675378267,0.09614027928318397
0.04677786777881473,0.5,0.0,0.046905089408528194,0.046777867778814736
0.0064462957421901656,0.625,0.0,0.02640990371389272,0.006446295742190166
0.012006123113658528,0.5,0.0,0.24422283356258595,0.012006123113658528
0.014322717851770346,0.5,0.0,0.19979367262723524,0.014322717851770346
0.016944692270630304,0.5,0.0,0.07262723521320495,0.016944692270630304
0.04625680513969066,0.75,0.0,0.09951856946354883,0.04625680513969067
0.11535683204870736,0.75,0.0,0.09050894085281981,0.11535683204870738
0.022174946952262856,0.5,0.0,0.6756533700137553,0.022174946952262856
0.034024271978721106,0.75,0.0,0.6756533700137553,0.03402427197872111
0.014936216044484096,0.75,0.0,0.2718019257221458,0.014936216044484096
0.032281462380669694,0.625,0.0,0.22840440165061898,0.032281462380669694
0.01420015515478847,0.5,0.0,0.14786795048143053,0.01420015515478847
0.04542374397770956,0.625,0.0,0.16519944979367263,0.04542374397770957
0.028259032265942334,0.75,0.0,0.14449793672627237,0.02825903226594234
0.018330769102605973,0.5,0.0,0.022833562585969747,0.018330769102605976
0.048888821939681346,0.75,0.0,0.40055020632737276,0.04888882193968135
0.027407255757308513,0.5,0.0,0.6756533700137553,0.027407255757308513
0.009190148150227631,0.375,0.0,0.49222833562585977,0.009190148150227631
0.02913157824464199,0.625,0.0,0.5789546079779917,0.02913157824464199
0.012996210598774692,0.375,0.0,0.6756533700137553,0.012996210598774692
0.15536499376573543,0.625,0.0,0.5390646492434663,0.15536499376573545
0.02878853963465361,0.625,0.0,0.8698762035763411,0.028788539634653613
0.03807911159618855,0.875,0.0,0.8698762035763411,0.038079111596188556
0.028744490099239264,0.625,0.0,0.6756533700137553,0.028744490099239267
0.028723492393238646,0.75,0.0,0.5785419532324622,0.02872349239323865
0.014021902889717993,0.375,0.0,0.4233149931224209,0.014021902889717995
0.04239322723557668,0.75,0.0,0.6756533700137553,0.04239322723557669
0.017332693359772184,0.5,0.0,0.48287482806052273,0.017332693359772184
0.02455499128024611,0.625,0.0,0.6756533700137553,0.024554991280246113
0.01919920683447942,0.375,0.0,0.6756533700137553,0.01919920683447942
0.014065724189197546,0.5,0.0,0.5785419532324622,0.014065724189197548
0.03388322217102129,0.75,0.0,0.6756533700137553,0.0338832221710213
0.03596907037906109,0.75,0.0,0.6756533700137553,0.035969070379061094
0.01758420935991004,0.625,0.0,0.5204264099037139,0.01758420935991004
0.032690461175812195,0.625,0.0,0.6366574965612105,0.0326904611758122
0.01898443681984265,0.25,0.0,0.5218707015130674,0.01898443681984265
0.05254584632281097,0.625,0.0,0.6756533700137553,0.05254584632281097
0.018493273088175985,0.375,0.0,0.6756533700137553,0.018493273088175985
0.018212542888385096,0.625,0.0,0.4814305364511692,0.018212542888385096
0.015193666178926474,0.5,0.0,0.6756533700137553,0.015193666178926476
0.011673355120735668,0.375,0.0,0.5204264099037139,0.011673355120735668
0.023963631973206927,0.625,0.0,0.5962173314993122,0.02396363197320693
0.05971085702365277,0.5,0.0,0.6189821182943603,0.05971085702365278
0.026487464940107466,0.375,0.0,0.5785419532324622,0.026487464940107466
0.05085256392260885,0.625,0.0,0.6756533700137553,0.050852563922608854
1.0,0.75,0.0,0.4814305364511692,1.0
0.015175407304143325,0.625,0.0,0.19078404401650617,0.015175407304143329
0.07423875898079874,0.875,0.0,0.6756533700137553,0.07423875898079875
0.01912000896510752,0.625,0.0,0.15233837689133428,0.01912000896510752
0.030970703407174505,0.5,0.0,0.023246217331499314,0.030970703407174508
0.22032367963799954,0.375,0.0,0.27847317744154054,0.22032367963799956
0.05119058134203186,0.5,0.0,0.09642365887207703,0.05119058134203186
0.019568720812903364,0.5,0.0,0.1270976616231087,0.019568720812903364
0.019265395255568328,0.5,0.0,0.23947730398899586,0.019265395255568328
0.025458349110142324,0.375,0.0,0.28046767537826683,0.025458349110142324
0.021052482624968873,0.25,0.0,0.11169188445667126,0.021052482624968873
0.038624367244400284,0.625,0.0,0.21100412654745532,0.03862436724440029
0.014721446029847325,0.375,0.0,0.5160247592847318,0.014721446029847327
0.03476626700272126,0.5,0.0,0.6387207702888583,0.034766267002721264
0.0759461920089578,0.5,0.0,0.22558459422283356,0.0759461920089578
0.030464932575681322,0.625,0.0,0.4162310866574966,0.030464932575681326
0.014710262469042648,0.375,0.0,0.5325997248968363,0.014710262469042648
0.022724082611366013,0.5,0.0,0.03782668500687758,0.02272408261136601
0.06415438243806647,0.5,0.0,0.1094910591471802,0.06415438243806647
0.029461607406347377,0.75,0.0,0.15495185694635488,0.029461607406347377
0.022763795664019357,0.375,0.0,0.6756533700137553,0.022763795664019357
0.008669770218907932,0.25,0.0,0.5167812929848693,0.008669770218907932
0.03593962794347326,0.375,0.0,0.6373452544704264,0.03593962794347327
0.012961975208556291,0.5,0.0,0.7727647867950481,0.012961975208556291
0.027406571049504145,0.375,0.0,0.3487620357634113,0.02740657104950415
0.032508557135785085,0.625,0.0,0.2513755158184319,0.03250855713578509
0.06599259465685982,0.625,0.0,0.447455295735901,0.06599259465685983
0.03175697620252379,0.25,0.0,0.3233149931224209,0.031756976202523796
0.021914301514733427,0.625,0.0,0.4814305364511692,0.02191430151473343
0.02106754619666497,0.25,0.0,0.32283356258596974,0.021067546196664972
0.020392196065623307,0.625,0.0,0.4088033012379642,0.02039219606562331
0.02845873870888301,0.375,0.0,0.34071526822558457,0.028458738708883012
0.04871604733704581,0.75,0.0,0.1667125171939477,0.04871604733704582
0.03522091298482163,0.625,0.0,0.41946354883081155,0.03522091298482163
0.06490687631506692,0.5,0.0,0.6756533700137553,0.06490687631506693
0.013341075096241387,0.5,0.0,0.5785419532324622,0.013341075096241389
0.04848849611006084,0.375,0.0,0.6756533700137553,0.04848849611006085
0.026296659698623576,0.625,0.0,0.6756533700137553,0.02629665969862358
0.03191354605378927,0.625,0.0,0.5785419532324622,0.03191354605378928
0.027014918185405634,0.5,0.0,0.6756533700137553,0.027014918185405634
0.027293594261783422,0.625,0.0,0.6756533700137553,0.027293594261783426
0.10713052425109512,0.25,0.0,0.5785419532324622,0.10713052425109515
0.03729580586799153,0.75,0.0,0.6756533700137553,0.037295805867991534
0.06646664069341729,0.25,0.0,0.6756533700137553,0.06646664069341729
0.047151033532195304,0.625,0.0,0.5785419532324622,0.04715103353219531
0.09354341081715083,0.375,0.0,0.5793672627235213,0.09354341081715084
0.030386875885983367,0.625,0.0,0.604264099037139,0.03038687588598337
0.14561886287836096,0.5,0.0,0.5785419532324622,0.14561886287836098
0.030534088063922493,0.375,0.0,0.5789546079779917,0.030534088063922493
0.01903556166923546,0.25,0.0,0.6756533700137553,0.01903556166923546
0.03388938454126061,0.25,0.0,0.6756533700137553,0.03388938454126061
0.03062971892059923,0.625,0.0,0.5785419532324622,0.03062971892059923
0.025767152329912304,0.375,0.0,0.6756533700137553,0.025767152329912304
0.022308236738179832,0.625,0.0,0.6756533700137553,0.022308236738179832
0.021817073006513168,0.5,0.0,0.5785419532324622,0.02181707300651317
0.06299791095648886,0.625,0.0,0.6756533700137553,0.06299791095648888
0.01356908279509594,0.625,0.0,0.6756533700137553,0.01356908279509594
0.009894712480922328,0.375,0.0,0.5785419532324622,0.00989471248092233
0.009575638644086828,0.375,0.0,0.462242090784044,0.009575638644086828
0.0707597586268048,0.5,0.0,0.5785419532324622,0.07075975862680481
0.024053328695579138,0.25,0.0,0.6756533700137553,0.024053328695579138
0.011582745454624298,0.25,0.0,0.6756533700137553,0.011582745454624298
0.015041204574487193,0.625,0.0,0.5785419532324622,0.015041204574487193
0.012576712950631883,0.375,0.0,0.6756533700137553,0.012576712950631883
0.019462591103226318,0.5,0.0,0.6756533700137553,0.01946259110322632
0.026796268159877446,0.375,0.0,0.5789546079779917,0.02679626815987745
0.02573428635530264,0.125,0.0,0.5785419532324622,0.02573428635530264
0.057498337871804896,0.375,0.0,0.6756533700137553,0.0574983378718049
0.034763528171503785,0.375,0.0,0.6756533700137553,0.034763528171503785
0.010191419196148473,0.375,0.0,0.5785419532324622,0.010191419196148473
0.08774553336569718,0.375,0.0,0.6756533700137553,0.08774553336569721
0.24626839952517796,0.625,0.0,0.6756533700137553,0.24626839952517798
0.09709704432182088,0.625,0.0,0.5785419532324622,0.0970970443218209
0.02985531439385899,0.625,0.0,0.6756533700137553,0.02985531439385899
0.709288814544837,0.5,0.0,0.6756533700137553,0.7092888145448372
0.04295628528670199,0.625,0.0,0.3429160935350757,0.042956285286702
0.01500057857809469,0.25,0.0,0.5812242090784044,0.01500057857809469
0.06340805093130532,0.625,0.0,0.6756533700137553,0.06340805093130532
0.0622992807600987,0.625,0.0,0.5785419532324622,0.06229928076009871
0.023776706742614454,0.625,0.0,0.7727647867950481,0.023776706742614458
0.29512846373707585,0.625,0.0,0.5785419532324622,0.2951284637370759
0.04206913220817582,0.5,0.0,0.5785419532324622,0.042069132208175826
0.05742279177738962,0.5,0.0,0.6756533700137553,0.05742279177738963
0.03319075434487043,0.75,0.0,0.6756533700137553,0.033190754344870434
0.02257595748968773,0.5,0.0,0.5785419532324622,0.022575957489687732
0.3022407519369813,0.75,0.0,0.6268225584594223,0.3022407519369813
0.04591992889994159,0.75,0.0,0.5785419532324622,0.0459199288999416
0.03476147404809068,0.5,0.0,0.5789546079779917,0.034761474048090685
0.5745522410372319,0.625,0.0,0.6756533700137553,0.5745522410372319
0.05310936084580586,0.625,0.0,0.6756533700137553,0.053109360845805864
0.29001278349470755,0.625,0.0,0.4186382393397524,0.29001278349470755
0.028980942527681023,0.5,0.0,0.6756533700137553,0.028980942527681023
0.035677156618465516,0.625,0.0,0.6756533700137553,0.03567715661846552
0.027974650291194815,0.375,0.0,0.5785419532324622,0.027974650291194815
0.2929536035144682,0.375,0.0,0.6756533700137553,0.29295360351446825
0.008394061209682406,0.5,0.0,0.6756533700137553,0.008394061209682408
0.04867724722813163,0.75,0.0,0.5785419532324622,0.04867724722813163
0.02963369730117854,0.5,0.0,0.6756533700137553,0.02963369730117854
0.12436621733858184,0.625,0.0,0.6756533700137553,0.12436621733858186
0.015056268146183289,0.375,0.0,0.7727647867950481,0.01505626814618329
0.008814928273433952,0.375,0.0,0.6756533700137553,0.008814928273433954
0.026865651884053404,0.375,0.0,0.6756533700137553,0.026865651884053408
0.045456838188254016,0.625,0.0,0.6756533700137553,0.04545683818825402
0.038229290841279934,0.5,0.0,0.7727647867950481,0.03822929084127994
0.09386613642894295,0.75,0.0,0.7727647867950481,0.09386613642894297
0.02941915552247656,0.375,0.0,0.6756533700137553,0.02941915552247656
0.0758797753519341,0.25,0.0,0.9669876203576341,0.07587977535193412
0.0298829309419685,0.375,0.0,0.6756533700137553,0.029882930941968505
0.04379299822363972,0.625,0.0,0.5785419532324622,0.043792998223639724
0.13842372503412698,0.625,0.0,0.6756533700137553,0.138423725034127
0.09170611154209662,0.75,0.0,0.7727647867950481,0.09170611154209664
0.16304330708391845,0.625,0.0,0.4814305364511692,0.16304330708391848
0.014031945270848724,0.5,0.0,0.6756533700137553,0.014031945270848726
0.019568036105098996,0.5,0.0,0.6756533700137553,0.019568036105098996
0.07078714693897953,0.625,0.0,0.5785419532324622,0.07078714693897953
0.027308429597544728,0.375,0.0,0.6756533700137553,0.02730842959754473
0.01987546990926024,0.5,0.0,0.6756533700137553,0.01987546990926024
0.1346411708868632,0.625,0.0,0.5785419532324622,0.13464117088686323
0.10408288981385305,0.75,0.0,0.6756533700137553,0.10408288981385305
0.015869929253707293,0.625,0.0,0.6756533700137553,0.015869929253707293
0.030557368129271005,0.5,0.0,0.5785419532324622,0.030557368129271012
0.08949792887300975,0.75,0.0,0.5814993122420907,0.08949792887300977
0.2909595061522137,0.5,0.0,0.5785419532324622,0.2909595061522138
0.049464661203154854,0.5,0.0,0.6756533700137553,0.04946466120315486
0.08838664810652044,0.5,0.0,0.6756533700137553,0.08838664810652046
0.016905663925781324,0.5,0.0,0.5785419532324622,0.016905663925781328
0.18061176816432803,0.5,0.0,0.6756533700137553,0.18061176816432806
0.10900434127571562,0.5,0.0,0.6756533700137553,0.10900434127571565
0.0988161173826542,0.375,0.0,0.5785419532324622,0.09881611738265421
0.024957599469214508,0.375,0.0,0.6756533700137553,0.02495759946921451
0.06849565815369453,0.75,0.0,0.6756533700137553,0.06849565815369454
0.038748527592925686,0.625,0.0,0.5785419532324622,0.03874852759292569
0.033112925891107266,0.375,0.0,0.6756533700137553,0.03311292589110727
0.018320498485540453,0.625,0.0,0.6756533700137553,0.018320498485540456
0.045016114598175797,0.625,0.0,0.5785419532324622,0.04501611459817581
0.06327179407823608,0.625,0.0,0.5257909215955984,0.06327179407823609
0.016451474415550536,0.5,0.0,0.6756533700137553,0.016451474415550536
0.037238062176489825,0.5,0.0,0.5812242090784044,0.03723806217648983
0.0653142774586659,0.375,0.0,0.5785419532324622,0.06531427745866591
0.026099007379096005,0.625,0.0,0.7727647867950481,0.02609900737909601
0.028731708886891062,0.625,0.0,0.5785419532324622,0.028731708886891066
0.03428240682096785,0.375,0.0,0.5785419532324622,0.03428240682096786
0.04606440224666324,0.625,0.0,0.6756533700137553,0.04606440224666325
0.06373465655398887,0.5,0.0,0.6756533700137553,0.06373465655398887
0.036030694081454206,0.625,0.0,0.5785419532324622,0.03603069408145421
0.01991290060256569,0.375,0.0,0.6756533700137553,0.019912900602565693
0.04259133602697383,0.375,0.0,0.6756533700137553,0.04259133602697384
0.06924655437915146,0.5,0.0,0.5785419532324622,0.06924655437915148
0.05394036788437385,0.625,0.0,0.6756533700137553,0.053940367884373855
0.021510780382025873,0.75,0.0,0.6756533700137553,0.021510780382025873
0.03886264556032036,0.5,0.0,0.5785419532324622,0.03886264556032037
0.02994592405997036,0.375,0.0,0.6756533700137553,0.029945924059970364
0.02688162839948866,0.375,0.0,0.6756533700137553,0.026881628399488662
0.05365347531434365,0.5,0.0,0.5785419532324622,0.053653475314343654
0.05468167820056963,0.625,0.0,0.6756533700137553,0.054681678200569635
0.06178940168177931,0.25,0.0,0.6756533700137553,0.061789401681779314
0.01973213774221253,0.5,0.0,0.5785419532324622,0.01973213774221253
0.03802684556712179,0.875,0.0,0.6756533700137553,0.0380268455671218
0.019393892086854728,0.25,0.0,0.6756533700137553,0.01939389208685473
0.06648832310722227,0.5,0.0,0.5785419532324622,0.06648832310722229
0.04855057628432354,0.375,0.0,0.6756533700137553,0.04855057628432355
0.06335373077882546,0.5,0.0,0.6756533700137553,0.06335373077882547
0.062112812001375806,0.75,0.0,0.5785419532324622,0.062112812001375806
0.034839074265919055,0.375,0.0,0.6756533700137553,0.03483907426591906
0.014931879561723099,0.375,0.0,0.6756533700137553,0.0149318795617231
0.025264576801506174,0.25,0.0,0.5785419532324622,0.025264576801506178
0.040185501038359384,0.375,0.0,0.6756533700137553,0.04018550103835939
0.011403580245814665,0.5,0.0,0.6756533700137553,0.011403580245814665
0.033777777169148614,0.625,0.0,0.5785419532324622,0.03377777716914863
0.05595318059328105,0.625,0.0,0.6756533700137553,0.05595318059328106
0.04424171007143556,0.375,0.0,0.6756533700137553,0.04424171007143557
0.06397864076827867,0.375,0.0,0.5785419532324622,0.06397864076827868
0.01067801820911935,0.375,0.0,0.6756533700137553,0.01067801820911935
0.01399200398226059,0.5,0.0,0.6756533700137553,0.013992003982260592
0.02314084142829135,0.625,0.0,0.5244841815680881,0.023140841428291353
0.05179951481604982,0.625,0.0,0.6756533700137553,0.05179951481604983
0.04542420044957914,0.625,0.0,0.6756533700137553,0.04542420044957914
0.04199997671993465,0.5,0.0,0.5785419532324622,0.041999976719934655
0.039249277233853505,0.25,0.0,0.6756533700137553,0.03924927723385351
0.022622974092254333,0.375,0.0,0.5785419532324622,0.022622974092254337
0.01819291459799321,0.625,0.0,0.6756533700137553,0.018192914597993215
0.035752474476946,0.375,0.0,0.6756533700137553,0.03575247447694601
0.03391859874091364,0.5,0.0,0.5785419532324622,0.033918598740913644
0.015841627997793414,0.375,0.0,0.605089408528198,0.015841627997793414
0.03019949418352132,0.5,0.0,0.08906464924346631,0.03019949418352132
0.3536273879469972,0.5,0.0,0.6756533700137553,0.3536273879469973
0.02749467012033283,0.5,0.0,0.6756533700137553,0.027494670120332833
0.07350406750671185,0.5,0.0,0.5785419532324622,0.07350406750671185
0.02424322099332387,0.375,0.0,0.6756533700137553,0.024243220993323874
0.03241338275097793,0.625,0.0,0.6756533700137553,0.03241338275097794
0.017817238249329955,0.375,0.0,0.5785419532324622,0.01781723824932996
0.016899045083672435,0.625,0.0,0.6756533700137553,0.016899045083672435
0.1220414061068176,0.5,0.0,0.6756533700137553,0.12204140610681762
0.02692681911457695,0.375,0.0,0.5785419532324622,0.02692681911457695
0.013622033531967066,0.5,0.0,0.6756533700137553,0.013622033531967066
0.12233560222676107,0.25,0.0,0.6756533700137553,0.1223356022267611
0.13351368536900388,0.5,0.0,0.5785419532324622,0.13351368536900388
0.05486563636400984,0.625,0.0,0.6756533700137553,0.05486563636400985
0.028061379946414767,0.625,0.0,0.6756533700137553,0.028061379946414767
0.020249092134510392,0.375,0.0,0.5785419532324622,0.020249092134510392
0.11694695180638472,0.5,0.0,0.8698762035763411,0.11694695180638473
0.05133208762160125,0.625,0.0,0.7727647867950481,0.051332087621601255
0.037848821537986105,0.5,0.0,0.7727647867950481,0.03784882153798611
0.018826954024838003,0.375,0.0,0.8698762035763411,0.018826954024838003
0.043381488833214535,0.625,0.0,0.7727647867950481,0.04338148883321455
0.012066605636377703,0.375,0.0,0.5785419532324622,0.012066605636377703
0.026338655110624814,0.625,0.0,0.7727647867950481,0.026338655110624817
0.02138251178667426,0.625,0.0,0.7727647867950481,0.021382511786674264
0.04742263429459462,0.75,0.0,0.8698762035763411,0.047422634294594625
0.03612564023032657,0.75,0.0,0.7727647867950481,0.03612564023032658
0.007825981967991736,0.25,0.0,0.6756533700137553,0.007825981967991736
0.032003242776161483,0.5,0.0,0.6756533700137553,0.03200324277616149
0.05840877101567958,0.625,0.0,0.42757909215955986,0.05840877101567959
0.02405949106581845,0.625,0.0,0.013686382393397534,0.024059491065818454
0.017429008924253284,0.625,0.0,0.32867950481430536,0.017429008924253288
0.007331851169172811,0.25,0.0,0.17689133425034387,0.007331851169172812
0.08167605515184423,0.625,0.0,0.10048143053645116,0.08167605515184423
0.072053171669256,0.625,0.0,0.15570839064649244,0.07205317166925601
0.0349666581534663,0.625,0.0,0.4627922971114168,0.0349666581534663
0.03605146355152004,0.375,0.0,0.4637551581843191,0.036051463551520044
0.04719188776452259,0.625,0.0,0.488445667125172,0.04719188776452259
0.029714949293963545,0.75,0.0,0.5491059147180193,0.029714949293963545
0.21183946523407535,0.625,0.0,0.5077028885832188,0.21183946523407537
0.040470567720911274,0.625,0.0,0.6756533700137553,0.040470567720911274
0.013102340308451735,0.5,0.0,0.6599037138927097,0.013102340308451735
0.034517718069735664,0.5,0.0,0.04642365887207703,0.03451771806973567
0.02257504454594857,0.5,0.0,0.20082530949105915,0.022575044545948574
0.039265481985223546,0.625,0.0,0.5986244841815681,0.03926548198522355
0.022711986106822176,0.625,0.0,0.5635488308115543,0.02271198610682218
0.029088441652966802,0.625,0.0,0.6182943603851444,0.029088441652966805
0.07060159112399579,0.5,0.0,0.4705639614855571,0.07060159112399579
0.014288482461551944,0.5,0.0,0.3210453920220082,0.014288482461551944
0.03180056926606855,0.75,0.0,0.4444291609353508,0.03180056926606856
0.02613689454427104,0.625,0.0,0.5063961485557084,0.02613689454427104
0.011366377788444003,0.25,0.0,0.26581843191196697,0.011366377788444003
0.04105439524210241,0.25,0.0,0.09924346629986246,0.041054395242102415
0.03402313079904716,0.625,0.0,0.008390646492434671,0.03402313079904717
0.052814708253992815,0.625,0.0,0.9669876203576341,0.05281470825399282
0.04072208372104912,0.875,0.0,0.9299862448418157,0.040722083721049136
0.055766940070492946,0.625,0.0,0.8356258596973866,0.05576694007049296
0.018638202906767216,0.625,0.0,0.6215955983493809,0.018638202906767216
0.009043164208223294,0.375,0.0,0.5901650618982118,0.009043164208223296
0.05687707965730831,0.75,0.0,0.7357634112792297,0.05687707965730831
0.025811430101261437,0.625,0.0,0.8698762035763411,0.02581143010126144
0.0274182110821784,0.5,0.0,0.6502751031636864,0.027418211082178404
0.007700223967922809,0.25,0.0,0.8328748280605227,0.00770022396792281
0.05324949770976651,0.625,0.0,0.7727647867950481,0.053249497709766516
0.06601336412692566,0.75,0.0,0.7471801925722147,0.06601336412692566
0.08189653106485073,0.625,0.0,0.7357634112792297,0.08189653106485074
0.030621045955077232,0.75,0.0,0.8356258596973866,0.030621045955077232
0.12872187191810164,0.875,0.0,0.6846629986244842,0.12872187191810164
0.029184528981513115,0.375,0.0,0.9299862448418157,0.029184528981513122
0.04555178433712639,0.625,0.0,0.6414030261348006,0.045551784337126394
0.037607804390848557,0.625,0.0,0.7814305364511692,0.03760780439084857
0.22571347123804983,0.5,0.0,0.8328748280605227,0.22571347123804988
0.019574654947207885,0.5,0.0,0.6414030261348006,0.019574654947207885
0.021867513148101612,0.5,0.0,0.7815680880330125,0.021867513148101616
0.008257119648808802,0.25,0.0,0.6386519944979367,0.008257119648808802
0.015810131438792487,0.375,0.0,0.8356258596973866,0.015810131438792487
0.01835929859445464,0.625,0.0,0.8788170563961485,0.018359298594454645
0.023891509417813494,0.5,0.0,0.7357634112792297,0.023891509417813494
0.024781401327557136,0.5,0.0,0.8328748280605227,0.02478140132755714
0.04394774218742689,0.75,0.0,0.6756533700137553,0.0439477421874269
0.029174258364447595,0.75,0.0,0.772627235213205,0.0291742583644476
0.018770579748945037,0.625,0.0,0.7232462173314993,0.018770579748945037
0.04539316036244779,0.75,0.0,0.9669876203576341,0.0453931603624478
0.030363139348765278,1.0,0.0,0.7698762035763412,0.030363139348765278
0.02615629459872813,0.75,0.0,0.7184319119669875,0.026156294598728133
0.049857911718796895,0.5,0.0,0.6756533700137553,0.0498579117187969
0.017495653817211774,0.375,0.0,0.8155433287482806,0.017495653817211774
0.04898901751505387,0.75,0.0,0.9174690508940853,0.04898901751505388
0.02985965087661999,0.875,0.0,0.6383081155433288,0.02985965087661999
0.011629305585321326,0.375,0.0,0.2048830811554333,0.011629305585321326
0.03389714456304344,0.625,0.0,0.7825309491059147,0.03389714456304345
0.0579372355744048,0.625,0.0,0.8328748280605227,0.057937235574404805
0.0355981869850284,0.625,0.0,0.8356258596973866,0.03559818698502842
0.014887373554439177,0.625,0.0,0.9148555708390647,0.014887373554439177
0.01984328864245494,0.375,0.0,0.01595598349381018,0.01984328864245494
0.03438534122755785,0.625,0.0,0.3433975240715268,0.03438534122755785
0.07873021394151819,0.75,0.0,0.14807427785419536,0.0787302139415182
0.036838877526543266,0.625,0.0,0.07888583218707014,0.03683887752654327
0.04881144995778776,0.625,0.0,0.11616231086657498,0.048811449957787766
0.02687843309640161,0.625,0.0,0.06925722145804676,0.026878433096401613
0.017662950757412362,0.5,0.0,0.4169876203576341,0.017662950757412362
0.005319038460265607,0.0,0.0,0.36561210453920223,0.005319038460265608
0.0574809919407609,0.5,0.0,0.9299862448418157,0.057480991940760916
0.14173748257133342,0.5,0.0,0.8698762035763411,0.14173748257133345
0.15330402327458767,0.5,0.0,0.5442916093535075,0.1533040232745877
0.25029242729144885,0.5,0.0,0.7357634112792297,0.25029242729144885
0.020964383554140188,0.5,0.0,0.5083906464924347,0.020964383554140188
0.11323469432703608,0.375,0.0,0.581980742778542,0.11323469432703609
0.09975918826520376,0.5,0.0,0.3325309491059147,0.09975918826520377
0.062038635322569265,0.625,0.0,0.12042640990371388,0.06203863532256927
0.04101399748164469,0.5,0.0,0.11698762035763412,0.0410139974816447
0.028579247282451783,0.5,0.0,0.006327372764786801,0.028579247282451783
0.03321677324143642,0.625,0.0,0.16519944979367263,0.033216773241436424
0.03162414288847639,0.625,0.0,0.29387895460797797,0.03162414288847639
0.242331101414127,0.5,0.0,0.20240715268225584,0.24233110141412703
0.029515699322892452,0.625,0.0,0.46657496561210454,0.029515699322892455
0.027860760559734934,0.625,0.0,0.11685006877579092,0.027860760559734937
0.015169473169838804,0.25,0.0,0.05859697386519945,0.015169473169838804
0.016674004451970145,0.5,0.0,0.1110729023383769,0.016674004451970145
0.05500714264357923,0.875,0.0,0.10722145804676754,0.05500714264357924
0.030617850651990183,0.375,0.0,0.4814305364511692,0.030617850651990186
0.025098649276914322,0.625,0.0,0.4814305364511692,0.025098649276914322
0.03321859912891473,0.625,0.0,0.4814305364511692,0.03321859912891474
0.025236275545592296,0.5,0.0,0.6760660247592847,0.025236275545592296
0.03045511843048538,0.5,0.0,0.6756533700137553,0.030455118430485383
0.03875720055844768,0.875,0.0,0.6783356258596973,0.03875720055844769
0.05259263468944279,0.75,0.0,0.5785419532324622,0.052592634689442794
0.02929704929736426,0.5,0.0,0.4814305364511692,0.029297049297364264
0.019496370021575143,0.75,0.0,0.46808803301237967,0.019496370021575143
0.038181361294974174,0.625,0.0,0.03067400275103163,0.03818136129497418
0.023589096804217616,0.875,0.0,0.014993122420907841,0.023589096804217616
0.018409054028238718,0.75,0.0,0.10460797799174691,0.01840905402823872
0.07550318605953169,0.625,0.0,0.20233837689133427,0.0755031860595317
0.044692476042644515,0.375,0.0,0.425515818431912,0.04469247604264452
0.06461861432942799,0.5,0.0,0.41960110041265475,0.064618614329428
0.012755878159441516,0.375,0.0,0.42544704264099037,0.012755878159441516
0.008412776556335133,0.5,0.0,0.4255845942228335,0.008412776556335134
0.20468860516119047,0.375,0.0,0.663617606602476,0.2046886051611905
0.0074642280113506295,0.375,0.0,0.24587345254470427,0.00746422801135063
0.0021835331881296313,0.25,0.0,0.2854883081155433,0.0021835331881296318
0.002739744161211257,0.25,0.0,0.0687757909215956,0.002739744161211257
0.007838991416274728,0.25,0.0,0.09958734525447042,0.007838991416274728
0.007496409278155926,0.375,0.0,0.1464924346629986,0.007496409278155928
0.01024026168619339,0.375,0.0,0.062173314993122425,0.010240261686193393
0.0038711096899620235,0.25,0.0,0.17489683631361763,0.003871109689962024
0.001297293053342618,0.125,0.0,0.26024759284731774,0.001297293053342618
0.006069478213852962,0.125,0.0,0.20137551581843194,0.006069478213852964
0.002044309267908133,0.25,0.0,0.025309491059147177,0.0020443092679081334
0.0006089334740179635,0.25,0.0,0.13707015130674005,0.0006089334740179635
0.0007143784758906394,0.25,0.0,0.26808803301237966,0.0007143784758906394
0.002408345583897133,0.125,0.0,0.12730398899587347,0.0024083455838971334
0.007854967931709983,0.25,0.0,0.051444291609353515,0.007854967931709983
0.0018427769374891444,0.25,0.0,0.015405777166437422,0.0018427769374891444
0.0019135300772738404,0.25,0.0,0.2579092159559835,0.0019135300772738404
0.0029593071304786036,0.25,0.0,0.07125171939477304,0.002959307130478604
0.0012169540042967697,0.25,0.0,0.319050894085282,0.0012169540042967697
0.0021162035873667755,0.25,0.0,0.29387895460797797,0.002116203587366776
0.0008106940403717415,0.125,0.0,0.1251031636863824,0.0008106940403717415
0.00040534702018587074,0.125,0.0,0.39057771664374136,0.00040534702018587074
0.042639493809214384,0.5,0.0,0.08988995873452545,0.04263949380921439
0.005782129171953181,0.375,0.0,0.13363136176066026,0.005782129171953182
0.0006098464177571208,0.25,0.0,0.2637551581843191,0.0006098464177571209
0.0008106940403717415,0.25,0.0,0.19504814305364515,0.0008106940403717415
0.0,0.0,0.0,0.050962861072902335,0.0
0.0007600256628485076,0.25,0.0,0.3050206327372765,0.0007600256628485077
0.0024599269051595245,0.25,0.0,0.4745529573590096,0.0024599269051595245
0.0008485812055467723,0.25,0.0,0.3094222833562586,0.0008485812055467724
0.0006080205302788061,0.125,0.0,0.5014442916093536,0.0006080205302788062
0.0013835662366929891,0.25,0.0,0.018294360385144426,0.0013835662366929891
0.002248123957675015,0.25,0.0,0.0031636863823933936,0.0022481239576750156
0.0015177689663491219,0.25,0.0,0.020495185694635487,0.001517768966349122
0.0010825230387058475,0.25,0.0,0.0019257221458046786,0.0010825230387058475
0.0010142804942038343,0.25,0.0,0.2092159559834938,0.0010142804942038343
0.0013182907593432373,0.375,0.0,0.3198762035763411,0.0013182907593432376
0.014439802886317278,0.25,0.0,0.16863823933975242,0.014439802886317278
0.018104359055294946,0.375,0.0,0.32242090784044014,0.01810435905529495
0.0007828492563274419,0.25,0.0,0.32001375515818425,0.000782849256327442
0.002234658037522444,0.25,0.0,0.26354883081155434,0.0022346580375224444
0.0018996076852516904,0.375,0.0,0.03397524071526824,0.0018996076852516907
0.0789226168345456,0.75,0.0,0.2515818431911967,0.07892261683454561
0.01544449747125996,0.375,0.0,0.205777166437414,0.01544449747125996
0.021470610857502948,0.5,0.0,0.05199449793672627,0.021470610857502948
0.11849507615206081,0.75,0.0,0.17991746905089412,0.11849507615206083
0.07904358187998396,0.5,0.0,0.40852819807427787,0.07904358187998396
0.050746205976997014,0.375,0.0,0.29518569463548827,0.050746205976997014
0.10624086057728628,0.75,0.0,0.2888583218707015,0.10624086057728628
0.07544863767111704,0.5,0.0,0.2867950481430536,0.07544863767111705
0.04519642098665938,0.625,0.0,0.20680880330123796,0.04519642098665939
0.08008798951757998,0.875,0.0,0.38253094910591473,0.08008798951757999
0.0767664719585907,0.625,0.0,0.5711141678129298,0.07676647195859071
0.014341204962488282,0.625,0.0,0.4753782668500688,0.014341204962488283
0.08347660844139734,0.875,0.0,0.38046767537826687,0.08347660844139736
0.07696024426722685,0.875,0.0,0.5711141678129298,0.07696024426722685
0.010027545794969724,0.5,0.0,0.4745529573590096,0.010027545794969724
0.08274990522502808,0.75,0.0,0.4745529573590096,0.08274990522502808
0.018397642231499253,0.5,0.0,0.4745529573590096,0.018397642231499253
0.057656505374613906,0.5,0.0,0.4745529573590096,0.05765650537461391
0.04857796459649826,0.625,0.0,0.35921595598349376,0.04857796459649827
0.07775519002809812,0.75,0.0,0.1610729023383769,0.07775519002809814
0.018895881277144384,0.625,0.0,0.28817056396148555,0.018895881277144387
0.05469354646917868,0.75,0.0,0.29133425034387894,0.05469354646917868
0.052511382696657775,0.625,0.0,0.2590784044016506,0.05251138269665779
0.06328160822343203,0.625,0.0,0.04559834938101788,0.06328160822343203
0.15142039210477123,0.75,0.0,0.15144429160935352,0.15142039210477126
0.05076126954869311,0.625,0.0,0.06602475928473178,0.050761269548693116
0.09331471841049191,0.5,0.0,0.3940852819807428,0.09331471841049192
0.08523516631894922,0.75,0.0,0.4745529573590096,0.08523516631894923
0.08607050984027821,0.625,0.0,0.3562585969738652,0.08607050984027821
0.009943554970967248,0.75,0.0,0.41636863823933973,0.009943554970967248
0.08457693388301675,0.625,0.0,0.03947730398899588,0.08457693388301676
0.02181958360179585,0.375,0.0,0.5029573590096286,0.021819583601795853
0.08588153048627263,0.625,0.0,0.42675378266850067,0.08588153048627264
0.10945350959538104,0.625,0.0,0.27895460797799176,0.10945350959538105
0.003789857697177018,0.5,0.0,0.31850068775790924,0.0037898576971770186
0.05034336955209382,0.5,0.0,0.13596973865199452,0.05034336955209383
0.0741022738917947,0.625,0.0,0.4745529573590096,0.07410227389179472
0.10750505942008444,0.5,0.0,0.29401650618982117,0.10750505942008444
0.10096701283210896,0.75,0.0,0.2878266850068776,0.10096701283210897
0.11855784103412788,0.75,0.0,0.26767537826685006,0.1185578410341279
0.07860719477266673,0.5,0.0,0.17977991746905087,0.07860719477266674
0.04936104208876049,0.75,0.0,0.1266850068775791,0.04936104208876051
0.10434855644194785,0.5,0.0,0.3059834938101788,0.10434855644194785
0.005574206235360091,0.375,0.0,0.5702888583218707,0.005574206235360092
0.003635570205259423,0.375,0.0,0.38342503438789544,0.0036355702052594235
0.008432633082661806,0.5,0.0,0.6656808803301238,0.008432633082661806
0.0034249084374488605,0.25,0.0,0.46286107290233836,0.003424908437448861
0.003189825424615839,0.25,0.0,0.4887207702888583,0.003189825424615839
0.007820276069622002,0.5,0.0,0.34456671251719395,0.007820276069622002
0.012622816609459329,0.125,0.0,0.6660247592847318,0.01262281660945933
0.012307622783515248,0.375,0.0,0.40543328748280605,0.01230762278351525
0.011080169926218169,0.125,0.0,0.27138927097661625,0.01108016992621817
0.011635467955560638,0.0,0.0,0.1237276478679505,0.01163546795556064
0.011303612906376935,0.125,0.0,0.6861072902338377,0.011303612906376935
0.011969377128157445,0.375,0.0,0.9669876203576341,0.011969377128157445
0.01007775770062338,0.25,0.0,0.9275103163686381,0.01007775770062338
0.009786072175962602,0.125,0.0,0.7727647867950481,0.009786072175962602
0.012783722943485815,0.125,0.0,0.8698762035763411,0.012783722943485816
0.009061194847071652,0.0,0.0,0.7332874828060523,0.009061194847071652
0.0092529130322947,0.125,0.0,0.6756533700137553,0.0092529130322947
0.009459694789213843,0.25,0.0,0.7727647867950481,0.009459694789213843
0.03275413900161842,0.5,0.0,0.5390646492434663,0.03275413900161843
0.0012639706068633741,0.125,0.0,0.7727647867950481,0.0012639706068633741
0.0008227905449155766,0.25,0.0,0.7727647867950481,0.0008227905449155767
0.0005959240257349711,0.125,0.0,0.9275103163686381,0.0005959240257349711
0.00022161709268045073,0.125,0.0,0.7727647867950481,0.00022161709268045076
0.00045350480242642183,0.125,0.0,0.7727647867950481,0.00045350480242642183
0.001204401027883356,0.125,0.0,0.9275103163686381,0.001204401027883356
0.0011808927266000536,0.25,0.0,0.7727647867950481,0.0011808927266000538
0.0005012061127973943,0.125,0.0,0.8698762035763411,0.0005012061127973943
0.0007239643851517917,0.125,0.0,0.8698762035763411,0.0007239643851517917
0.0008677530240690769,0.125,0.0,0.8698762035763411,0.0008677530240690769
0.00027502430142115666,0.125,0.0,0.9669876203576341,0.0002750243014211567
0.0008113787481761096,0.125,0.0,0.9669876203576341,0.0008113787481761097
0.0009122590313529985,0.125,0.0,0.6938101788170563,0.0009122590313529985
0.0006744371873025045,0.125,0.0,0.9669876203576341,0.0006744371873025046
0.0006080205302788061,0.125,0.0,0.9669876203576341,0.0006080205302788062
0.000906553132983265,0.125,0.0,0.9669876203576341,0.0009065531329832651
0.00027502430142115666,0.125,0.0,0.9669876203576341,0.0002750243014211567
0.0015337454817843758,0.125,0.0,0.9669876203576341,0.001533745481784376
0.00031108557911787264,0.125,0.0,0.9669876203576341,0.00031108557911787264
0.0018802076307945965,0.25,0.0,0.9669876203576341,0.0018802076307945965
0.0007634492018703478,0.25,0.0,0.9669876203576341,0.0007634492018703479
0.0032756421360966314,0.25,0.0,0.9669876203576341,0.003275642136096632
0.032189939770819166,0.25,0.0,0.9669876203576341,0.03218993977081917
0.02298495628483023,0.375,0.0,0.9669876203576341,0.02298495628483023
0.019587892631425668,0.375,0.0,0.9669876203576341,0.01958789263142567
0.01384981299488683,0.375,0.0,0.9669876203576341,0.013849812994886829
0.015709022919680807,0.125,0.0,0.9669876203576341,0.015709022919680807
0.01777044988269814,0.375,0.0,0.9669876203576341,0.017770449882698144
0.023607127443065975,0.25,0.0,0.9669876203576341,0.023607127443065975
0.016504881624291243,0.25,0.0,0.9669876203576341,0.016504881624291243
0.01990993353541343,0.25,0.0,0.9669876203576341,0.01990993353541343
0.02506738095384818,0.375,0.0,0.9669876203576341,0.025067380953848185
0.020711498138393597,0.25,0.0,0.9669876203576341,0.0207114981383936
0.018068297777598233,0.375,0.0,0.8698762035763411,0.018068297777598233
0.01359669934320545,0.125,0.0,0.6756533700137553,0.01359669934320545
0.021159753514319864,0.125,0.0,0.8698762035763411,0.021159753514319864
0.004858686579795505,0.25,0.0,0.9669876203576341,0.004858686579795506
0.0031542206187887014,0.125,0.0,0.9669876203576341,0.003154220618788702
0.001013367550464677,0.0,0.0,0.9669876203576341,0.0010133675504646771
0.005226602906675924,0.125,0.0,0.9669876203576341,0.005226602906675924
0.007610527245550597,0.25,0.0,0.9669876203576341,0.007610527245550599
0.007441632653806484,0.375,0.0,0.9669876203576341,0.007441632653806486
0.020479382192712836,0.375,0.0,0.9669876203576341,0.02047938219271284
0.01530185001201662,0.625,0.0,0.9669876203576341,0.015301850012016623
0.013557214526486894,0.5,0.0,0.9669876203576341,0.013557214526486895
0.00717938956473353,0.625,0.0,0.6756533700137553,0.007179389564733531
0.061401857064507,0.5,0.0,0.5785419532324622,0.06140185706450701
0.02538713949848805,0.5,0.0,0.6756533700137553,0.025387139498488052
0.024452285109590906,0.5,0.0,0.5785419532324622,0.02445228510959091
0.010333610183522232,0.125,0.0,0.7727647867950481,0.010333610183522232
0.028078497641523967,0.375,0.0,0.6756533700137553,0.028078497641523967
0.005299866641743302,0.375,0.0,0.9669876203576341,0.005299866641743303
0.004717408536160902,0.375,0.0,0.9669876203576341,0.004717408536160903
0.005318810224330818,0.125,0.0,0.9669876203576341,0.005318810224330819
0.004006225363357314,0.25,0.0,0.7727647867950481,0.004006225363357314
0.008948674531220507,0.375,0.0,0.5785419532324622,0.008948674531220507
0.053510143147295935,0.5,0.0,0.8698762035763411,0.05351014314729594
0.063298954154476,0.25,0.0,0.9669876203576341,0.06329895415447602
0.005470815356900519,0.125,0.0,0.9669876203576341,0.005470815356900521
0.017324705102054555,0.25,0.0,0.0437414030261348,0.017324705102054555
0.004742286253052941,0.25,0.0,0.780949105914718,0.0047422862530529415
0.00708604106740469,0.25,0.0,0.9669876203576341,0.007086041067404691
0.038544484667224016,0.375,0.0,0.3439477303988996,0.03854448466722402
0.026390008195952417,0.5,0.0,0.6822558459422283,0.02639000819595242
0.002195857928608256,0.125,0.0,0.9669876203576341,0.002195857928608256
0.0646503391243637,0.5,0.0,0.6955295735900963,0.06465033912436371
0.025690465055823085,0.375,0.0,0.1486244841815681,0.02569046505582309
0.024896432238690966,0.375,0.0,0.29862448418156806,0.024896432238690966
0.03454624756158433,0.5,0.0,0.12166437414030261,0.03454624756158434
0.035438193594741076,0.375,0.0,0.2556396148555708,0.03543819359474108
0.0040685337735548045,0.25,0.0,0.013892709766162317,0.0040685337735548045
0.006183596181247633,0.375,0.0,0.2718707015130674,0.0061835961812476345
0.004414995922565025,0.25,0.0,0.03239339752407153,0.004414995922565026
0.05611203280389443,0.375,0.0,0.010866574965612108,0.056112032803894436
0.03442642369581993,0.5,0.0,0.008390646492434671,0.034426423695819934
0.0037072362887832764,0.25,0.0,0.022145804676753783,0.0037072362887832764
0.025370478275248427,0.25,0.0,0.06678129298486933,0.025370478275248427
0.01517426612446938,0.5,0.0,0.08108665749656122,0.015174266124469381
0.003892335631897432,0.375,0.0,0.06334250343878954,0.0038923356318974326
0.005626700500361639,0.5,0.0,0.38514442916093533,0.00562670050036164
0.01926471054776396,0.25,0.0,0.1515130674002751,0.01926471054776396
0.0026557533372087794,0.375,0.0,0.0641678129298487,0.00265575333720878
0.003955100513964502,0.25,0.0,0.02083906464924347,0.0039551005139645025
0.00030401026513940307,0.125,0.0,0.19552957359009632,0.00030401026513940307
0.0003980434702726118,0.125,0.0,0.04497936726272353,0.00039804347027261186
0.00029670671522614414,0.125,0.0,0.009215955983493819,0.00029670671522614414
0.00029670671522614414,0.125,0.0,0.01788170563961486,0.00029670671522614414
0.0005066837752323385,0.125,0.0,0.014442916093535076,0.0005066837752323385
0.0011074007555978856,0.125,0.0,0.014030261348005509,0.0011074007555978856
0.0014187145706505476,0.125,0.0,0.010316368638239343,0.0014187145706505478
0.0018240615908364185,0.125,0.0,0.06760660247592848,0.0018240615908364185
0.01878016565820619,0.375,0.0,0.2322558459422283,0.01878016565820619
0.007695887485161811,0.25,0.0,0.353232462173315,0.007695887485161812
0.0,0.0,0.0,0.1802613480055021,0.0
6.755783669764513e-05,0.125,0.0,0.08837689133425035,6.755783669764513e-05
8.444729587205641e-05,0.125,0.0,0.3079092159559835,8.444729587205641e-05
0.0,0.0,0.0,0.030536451169188447,0.0
6.755783669764513e-05,0.125,0.0,0.12166437414030261,6.755783669764513e-05
0.00013511567339529026,0.125,0.0,0.3440165061898212,0.00013511567339529026
0.00020267351009293537,0.125,0.0,0.9669876203576341,0.0002026735100929354
0.0,0.0,0.0,0.7178817056396148,0.0
0.0,0.0,0.0,0.38954607977991745,0.0
0.0,0.0,0.0,0.5248968363136176,0.0
6.755783669764513e-05,0.125,0.0,0.03713892709766163,6.755783669764513e-05
0.0,0.0,0.0,0.04484181568088033,0.0
6.755783669764513e-05,0.125,0.0,0.08108665749656122,6.755783669764513e-05
0.008558162846795943,0.375,0.0,0.026341127922971122,0.008558162846795943
0.00828542090472268,0.5,0.0,0.18535075653370015,0.00828542090472268
0.0011653726830343784,0.125,0.0,0.8752407152682256,0.0011653726830343786
0.00685734866074577,0.25,0.0,0.7004814305364512,0.0068573486607457716
0.0044750219734146215,0.375,0.0,0.13741403026134802,0.004475021973414622
0.0025272565059223802,0.125,0.0,0.4814305364511692,0.0025272565059223802
0.0036887491780653397,0.125,0.0,0.4814305364511692,0.00368874917806534
0.001712910690594009,0.125,0.0,0.2875515818431912,0.0017129106905940093
0.0007253338007605278,0.125,0.0,0.020495185694635487,0.0007253338007605279
0.005256958286002906,0.125,0.0,0.01485557083906465,0.005256958286002907
0.0016770776488320824,0.125,0.0,0.1941540577716644,0.0016770776488320824
0.003798074190829434,0.25,0.0,0.0035763411279229745,0.0037980741908294345
0.0024448633334634277,0.25,0.0,0.01788170563961486,0.002444863333463428
0.0049833034001904855,0.125,0.0,0.013480055020632736,0.004983303400190486
0.0011338761240334493,0.125,0.0,0.016781292984869335,0.0011338761240334493
0.004566544583265148,0.125,0.0,0.01671251719394773,0.0045665445832651485
0.0019196924475131526,0.125,0.0,0.008459422283356256,0.0019196924475131528
0.005318353752461239,0.125,0.0,0.008390646492434671,0.0053183537524612405
0.005145807385760497,0.125,0.0,0.014167812929848693,0.005145807385760498
0.0024934775875735575,0.125,0.0,0.015749656121045397,0.0024934775875735575
0.0024953034750518723,0.125,0.0,0.01595598349381018,0.0024953034750518723
0.0043704899152811035,0.125,0.0,0.011691884456671256,0.004370489915281104
0.006131330152180874,0.125,0.0,0.23872077028885835,0.0061313301521808755
0.005194878111740205,0.125,0.0,0.08328748280605226,0.0051948781117402065
0.0011676550423822718,0.125,0.0,0.4837001375515818,0.001167655042382272
0.004108931534012518,0.125,0.0,0.40027510316368636,0.004108931534012518
0.0044323418536090144,0.125,0.0,0.3369325997248968,0.004432341853609016
0.0010868595214668449,0.125,0.0,0.169050894085282,0.0010868595214668449
0.0036561114393904638,0.25,0.0,0.5016506189821183,0.003656111439390464
0.005019592913821991,0.125,0.0,0.768019257221458,0.005019592913821992
0.0009232143562228869,0.125,0.0,0.8682255845942229,0.0009232143562228871
0.0005838275211911359,0.125,0.0,0.594222833562586,0.000583827521191136
0.006167847901747169,0.125,0.0,1.0000000000000002,0.00616784790174717
0.004365696960650527,0.375,0.0,0.7238651994497937,0.0043656969606505275
0.11293433583685329,0.5,0.0,0.6987620357634112,0.11293433583685332
0.020079056363092332,0.5,0.0,0.6987620357634112,0.020079056363092332
0.040321301419559044,0.25,0.0,0.5983493810178817,0.040321301419559044
0.035566918661962266,0.375,0.0,0.5724209078404401,0.03556691866196227
0.02796689026941198,0.625,0.0,0.6918844566712518,0.027966890269411983
0.039917552050916696,0.375,0.0,0.6987620357634112,0.0399175520509167
0.05240913299787216,0.625,0.0,0.5412654745529574,0.052409132997872164
0.06789151763430715,0.625,0.0,0.5519257221458047,0.06789151763430716
0.03801748789379543,0.5,0.0,0.14944979367262723,0.038017487893795436
0.03918537117211249,0.375,0.0,0.17400275103163687,0.039185371172112494
0.02294341734469857,0.375,0.0,0.04277854195323247,0.022943417344698572
0.022102139689065055,0.625,0.0,0.2376891334250344,0.02210213968906506
0.027759880276558044,0.5,0.0,0.4814305364511692,0.027759880276558048
0.025191541302373582,0.25,0.0,0.41361760660247593,0.02519154130237359
0.05695194104391921,0.375,0.0,0.39401650618982115,0.056951941043919214
0.19814530914671485,0.375,0.0,0.5944291609353507,0.19814530914671488
0.03399094953224186,0.5,0.0,0.503232462173315,0.03399094953224187
0.048397658208014685,0.625,0.0,0.6221458046767538,0.04839765820801469
0.03379603604393176,0.375,0.0,0.6987620357634112,0.03379603604393177
0.029701255137876185,0.5,0.0,0.5485557083906465,0.029701255137876185
0.036551072012773904,0.5,0.0,0.01973865199449794,0.03655107201277392
0.12559184430840062,0.625,0.0,0.5222833562585969,0.12559184430840062
0.02757432446157431,0.5,0.0,0.686726272352132,0.027574324461574314
0.041595086171618355,0.375,0.0,0.2702888583218707,0.04159508617161837
0.09518625307576452,0.625,0.0,0.22716643741403025,0.09518625307576452
0.027828122821060057,0.25,0.0,0.6905089408528198,0.02782812282106006
0.03225704113564724,0.5,0.0,0.03452544704264099,0.03225704113564724
0.03839476189400221,0.5,0.0,0.033631361760660256,0.03839476189400221
0.036416641047182986,0.375,0.0,0.2614167812929849,0.03641664104718299
0.047222014907914785,0.5,0.0,0.8618294360385144,0.0472220149079148
0.03325306275506792,0.625,0.0,0.4878954607977991,0.033253062755067925
0.06389738877549367,0.625,0.0,0.8698762035763411,0.06389738877549368
0.03765208216219769,0.5,0.0,0.3943603851444291,0.037652082162197696
0.021226170171343563,0.375,0.0,0.026203576341127924,0.021226170171343563
0.07176764851483454,0.5,0.0,0.15914718019257218,0.07176764851483455
0.024216517388953515,0.375,0.0,0.4156808803301238,0.02421651738895352
0.031568225084453,0.5,0.0,0.1798486932599725,0.031568225084453005
0.02841765624062093,0.375,0.0,0.6117606602475928,0.028417656240620932
0.02095639529642256,0.25,0.0,0.2718707015130674,0.020956395296422563
0.02770601659594776,0.5,0.0,0.5775103163686383,0.027706016595947763
0.042036266233566155,0.375,0.0,0.7120357634112792,0.04203626623356616
0.05033424011470225,0.5,0.0,0.46733149931224205,0.05033424011470226
0.08844507650582652,0.5,0.0,0.7618294360385145,0.08844507650582653
0.025243807331440344,0.25,0.0,0.3814305364511692,0.025243807331440344
0.02319858511979305,0.25,0.0,0.5789546079779917,0.023198585119793055
0.029587593642351095,0.5,0.0,0.446767537826685,0.029587593642351098
0.051551878826803385,0.625,0.0,0.6756533700137553,0.05155187882680339
0.05999227193124803,0.375,0.0,0.3642365887207703,0.059992271931248044
0.03065961782805663,0.5,0.0,0.14401650618982115,0.030659617828056634
0.000986663946094324,0.125,0.0,0.20667125171939477,0.000986663946094324
0.005360120928527688,0.375,0.0,0.4814305364511692,0.00536012092852769
0.0037969330111554877,0.375,0.0,0.4203576341127923,0.0037969330111554877
0.002715551152123587,0.0,0.0,0.009559834938101794,0.0027155511521235872
0.002948808277478294,0.0,0.0,0.1674002751031637,0.0029488082774782945
0.002359503093852214,0.0,0.0,0.4616231086657496,0.002359503093852214
0.002004139743385209,0.0,0.0,0.36891334250343877,0.002004139743385209
0.0025747295803585633,0.125,0.0,0.13184319119669874,0.0025747295803585633
0.009002081739961212,0.375,0.0,0.03067400275103163,0.009002081739961214
0.007972281202191704,0.125,0.0,0.16189821182943603,0.007972281202191704
0.0021611660665202762,0.25,0.0,0.050275103163686385,0.0021611660665202762
0.06922646961689001,0.25,0.0,0.22895460797799172,0.06922646961689001
0.006381933208579571,0.375,0.0,0.0297111416781293,0.006381933208579571
0.0014894677104352436,0.125,0.0,0.14793672627235216,0.0014894677104352438
0.024889813396582073,0.375,0.0,0.22200825309491057,0.024889813396582076
0.028370867873989115,0.375,0.0,0.25068775790921594,0.028370867873989118
0.006015614533242677,0.25,0.0,0.42008253094910586,0.006015614533242678
0.0009964780912902656,0.125,0.0,0.71939477303989,0.0009964780912902658
0.003222691399225504,0.125,0.0,0.6968363136176067,0.0032226913992255044
0.004625201218506008,0.125,0.0,0.6407840440165062,0.00462520121850601
0.002920278785629626,0.125,0.0,0.6429848693259972,0.002920278785629627
0.001537853728610584,0.125,0.0,0.28603851444291606,0.001537853728610584
6.755783669764513e-05,0.125,0.0,0.03156808803301239,6.755783669764513e-05
